id;otp_val;email;phone;ip;coookie;created_on;created_by
1;54742;Andreanne.Kilback70@hotmail.com;90378;navigating;Soft Pants Chief;2021-11-26;Optimization niches
2;30390;Desmond73@yahoo.com;49354;interfaces withdrawal bluetooth;withdrawal hacking;2021-11-26;alarm platforms Island
3;57951;Nikita.Wiegand77@hotmail.com;18367;Grocery Granite Forward;virtual harness Shoes;2021-11-26;synergy
4;77693;Kiara.Fritsch1@yahoo.com;2447;Ergonomic e-markets;Baby;2021-11-25;Mount Books
5;47833;Eladio_Heidenreich36@gmail.com;97643;Sausages SMTP Market;Legacy Balanced Supervisor;2021-11-26;Sleek Mississippi
6;32320;Jaquelin_Leuschke@hotmail.com;97318;bleeding-edge;invoice transmitting De-engineered;2021-11-26;Health cross-platform
7;50345;Coby_Hodkiewicz@yahoo.com;42429;visionary;Territory;2021-11-25;sticky
8;11668;Jeffry_Corkery@gmail.com;97735;USB Home Maryland;indexing Cambridgeshire Soft;2021-11-26;Dynamic Tools quantify
9;81773;Angelina_Boehm38@yahoo.com;32781;invoice;Plastic Delaware;2021-11-26;payment
10;55133;Ocie_Swaniawski@gmail.com;87446;overriding Field;Granite payment drive;2021-11-26;strategize
